{"cameraMode":{"drawMode":0,"name":"Shaded","section":"Shading Mode"},"sceneLighting":true,"audioPlay":false,"sceneViewState":{"m_AlwaysRefresh":false,"showFog":true,"showSkybox":true,"showFlares":true,"showImageEffects":true,"showParticleSystems":true,"showVisualEffectGraphs":true,"m_FxEnabled":true},"in2DMode":false,"pivot":{"x":0.45228666067123415,"y":0.5021277666091919,"z":-0.22263437509536744},"rotation":{"x":-0.057981912046670917,"y":0.7108043432235718,"z":-0.058993447571992877,"w":-0.6985418200492859},"size":0.2767917811870575,"orthographic":false}